Fecha,CASOS_PCR,Hospitalizados,UCI,Fallecidos,Recuperados,domicilio,uci_dia,hospitalizados_dia,domicilio_dia,altas_dia,fallecidos_dia,muertos_hospitales,muertos_domicilios,muertos_centros,muertos_otros,muertos
2020-04-22,56245,37988,3169,7577,33032,259878,1024,7464,20094,755,117,7144,761,3932,15,11852
2020-04-23,57094,38342,3194,7684,33645,262857,981,7077,21343,613,107,7271,769,3996,20,12056
2020-04-24,58191,38690,3230,7765,34212,265236,949,6601,19599,567,81,7388,775,4068,21,12252
2020-04-25,58819,38993,3265,7848,34902,265236,892,6183,19599,690,83,7633,788,4170,21,12612
2020-04-26,59126,39288,3287,7922,35367,267795,873,5892,26840,465,74,7800,798,4236,21,12855
2020-04-27,59421,39472,3309,7986,35565,267795,855,5820,26840,198,64,7881,801,4273,21,12976
2020-04-28,59784,39634,3338,8048,35841,267837,815,5484,26968,276,62,7958,806,4295,21,13080
2020-04-29,60765,39850,3355,8105,36314,267837,773,5171,26968,473,57,7958,806,4295,21,13080
2020-04-30,61171,40076,3377,8176,36707,272756,727,4945,14265,393,71,8136,823,4338,24,13321
2020-05-01,61829,40293,3392,8222,37154,274750,706,4546,14533,447,46,8203,827,4355,24,13409
2020-05-02,62073,40457,3404,8292,37530,274750,681,4270,14533,376,70,8203,827,4355,24,13409
2020-05-03,62205,40597,3421,8332,37704,274750,674,4221,14533,174,40,8203,827,4355,24,13409
2020-05-04,62395,40741,3431,8376,37808,274750,660,4228,14533,104,44,8203,827,4355,24,13409
2020-05-05,62989,40851,3442,8420,38002,276924,640,4103,20927,194,44,8266,834,4377,24,13501
2020-05-06,63416,41031,3465,8466,38331,279185,610,3902,19660,329,46,8266,834,4377,24,13501
2020-05-07,63870,41159,3485,8504,38670,280796,582,3560,10301,339,38,8321,835,4405,24,13585
2020-05-08,64333,41304,3493,8552,38975,282416,537,3343,10134,305,48,8321,835,4405,24,13585
2020-05-09,64523,41436,3508,8598,39227,284017,502,3131,10276,252,46,8404,838,4438,24,13704
2020-05-10,64787,41559,3520,8644,39529,284017,465,2915,10276,302,46,8404,838,4438,24,13704
2020-05-11,64853,41650,3529,8683,39604,284017,452,2889,10276,75,39,8404,838,4438,24,13704
2020-05-12,64972,41735,3543,8720,39751,285771,431,2788,12812,147,37,8521,840,4472,24,13857
2020-05-13,65269,41856,3555,8760,39984,287877,405,2649,13310,233,40,8573,843,4491,24,13931
2020-05-14,65693,41962,3564,8779,40199,289596,396,2472,8152,215,19,8573,843,4491,24,13931
2020-05-15,66005,42057,3574,8809,40383,291435,358,2285,8331,184,30,8640,844,4510,24,14018
2020-05-16,66210,42157,3577,8826,40586,293137,348,2173,9883,203,17,8640,844,4510,24,14018
2020-05-17,66338,42227,3584,8847,40698,293758,335,2102,4107,112,21,8640,844,4510,24,14018
2020-05-18,66302,42283,3594,8863,40736,293758,341,2101,4107,38,16,8748,847,4525,24,14144
2020-05-19,66643,42350,3600,8894,40815,293758,318,2018,4107,79,31,8748,847,4525,24,14144
2020-05-20,66860,42442,3610,8912,40977,295843,300,1879,10983,162,18,8820,848,4554,24,14246
2020-05-21,67049,42497,3617,8931,41138,297546,277,1741,6419,161,19,8820,848,4554,24,14246
2020-05-22,67425,42573,3627,8944,41275,299159,267,1622,6227,137,13,8907,860,4623,27,14417
2020-05-23,67610,42632,3634,8956,41424,300679,257,1504,6048,149,12,8907,860,4623,27,14417
2020-05-24,67871,42692,3635,8977,41541,300679,243,1423,6048,117,21,8907,860,4623,27,14417
2020-05-25,68060,42744,3638,8994,41561,302092,236,1394,6801,20,17,8988,870,4696,27,14581
2020-05-26,68284,42803,3641,9015,41602,303853,232,1349,6974,41,21,8988,870,4696,27,14581
2020-05-27,68505,42862,3646,9035,41716,305344,212,1264,4571,114,20,9044,876,4724,27,14671
2020-05-28,68696,42928,3648,9042,41815,306745,200,1204,4404,99,7,9044,876,4724,27,14671
2020-05-29,68984,42987,3652,9049,41898,308110,187,1124,4173,83,7,9074,878,4739,27,14718
2020-05-30,69181,43030,3657,9057,42007,308110,176,1033,4173,109,8,9074,878,4739,27,14718
2020-05-31,69275,43076,3659,9064,42086,308110,174,1015,4173,79,7,9074,878,4739,27,14718
2020-06-01,69335,43103,3660,9075,42114,309446,173,1027,4705,28,11,9098,881,4747,27,14753
2020-06-02,69398,43138,3666,9087,42169,311438,170,924,5046,55,12,9098,881,4747,27,14753
2020-06-03,69685,43194,3669,9095,42236,313041,159,825,3731,67,8,9165,888,4768,27,14848
2020-06-04,69905,43227,3672,9102,42307,314556,150,677,3583,71,7,9165,888,4768,27,14848
2020-06-05,70028,43247,3673,9110,42360,315879,140,630,3397,53,8,9184,892,4775,27,14878
2020-06-06,70213,43271,3675,9116,42434,315879,141,579,3397,74,6,9184,892,4775,27,14878
2020-06-07,70283,43291,3677,9125,42470,315879,138,564,3397,36,9,9184,892,4775,27,14878
2020-06-08,70402,43306,3682,9127,42481,317000,144,570,3522,11,2,9205,897,4781,27,14910
2020-06-09,70543,43320,3686,9130,42495,318368,139,560,3676,14,3,9205,897,4781,27,14910
2020-06-10,70629,43348,3690,9134,42529,319541,131,534,2640,34,4,9240,898,4789,28,14955
2020-06-11,70796,43366,3694,9137,42572,320684,122,491,2622,43,3,9240,898,4789,28,14955
2020-06-12,70998,43387,3699,9145,42618,321748,118,468,2536,46,8,9249,900,4795,28,14972
2020-06-13,71161,43403,3707,9151,42663,321748,118,434,2536,45,6,9249,900,4795,28,14972
2020-06-14,71298,43422,3707,9152,42681,321748,114,435,2536,18,1,9249,900,4795,28,14972
2020-06-15,71403,43433,3710,9157,42693,322712,111,436,2716,12,5,9270,902,4801,28,15001
2020-06-16,71555,43446,3713,9160,42711,323873,110,431,2748,18,3,9270,902,4801,28,15001
2020-06-17,71695,43463,3715,9164,42748,324824,105,403,1996,37,4,9297,905,4804,28,15034
2020-06-18,71845,43474,3715,9168,42777,325756,103,381,2006,29,4,9297,905,4804,28,15034
2020-06-19,72052,43484,3718,9169,42813,325756,101,369,1995,36,1,9319,905,4808,28,15060
2020-06-20,72196,43504,3718,9171,42851,325756,94,355,1995,38,2,9319,905,4808,28,15060
2020-06-21,72363,43518,3719,9172,42875,325756,93,342,1995,24,1,9319,905,4808,28,15060
2020-06-22,72501,43527,3720,9174,42877,325756,93,352,1927,2,2,9337,906,4813,28,15084
2020-06-23,72680,43543,3720,9175,42894,325756,88,352,1119,17,1,9337,906,4813,28,15084
2020-06-24,72864,43543,3720,9177,42923,325791,86,345,1550,29,2,9349,910,4815,28,15102
2020-06-25,73052,43577,3724,9182,42956,325802,81,326,1617,33,5,9349,910,4815,28,15102
2020-06-26,73115,43588,3724,9187,42977,325820,72,293,1506,21,5,9351,910,4815,28,15104
2020-06-27,73373,43609,3726,9189,43011,325820,69,282,1506,34,2,9351,910,4815,28,15104
2020-06-28,73505,43624,3726,9189,43035,325820,67,278,1506,24,0,9351,910,4815,28,15104
2020-06-29,73665,43636,3726,9193,43041,325835,67,290,1358,6,4,9357,911,4815,28,15111
2020-06-30,73884,43648,3729,9193,43068,325856,67,275,1629,27,0,9357,911,4815,28,15111
2020-07-01,74122,43657,3730,9196,43085,325870,65,265,1261,17,3,9367,911,4816,28,15122
2020-07-02,74401,43666,3732,9199,43104,325888,62,250,1052,19,3,9369,913,4819,28,15129
2020-07-03,74676,43673,3733,9200,43123,325902,62,239,1052,19,1,9378,913,4823,28,15142
2020-07-06,75159,43699,3734,9206,43163,326020,54,232,907,4,3,9382,916,4823,28,15149
2020-07-07,75319,43710,3736,9208,43177,326037,52,224,884,14,2,9382,916,4823,28,15149
2020-07-08,75503,43716,3737,9211,43200,326053,46,207,640,23,3,9384,916,4823,28,15151
2020-07-09,75665,43722,3737,9213,43216,326063,43,206,719,16,2,9384,916,4823,28,15151
2020-07-10,75842,43726,3737,9216,43236,326081,39,193,628,20,3,9390,917,4825,28,15160
2020-07-13,76178,43738,3737,9220,43257,326081,37,190,636,3,0,9394,918,4825,28,15165
2020-07-14,76225,43745,3737,9221,43264,326088,33,188,770,7,1,9394,918,4825,28,15165
2020-07-15,76426,43755,3739,9222,43281,326108,34,185,495,17,1,9401,920,4827,28,15176
2020-07-16,76535,43769,3739,9225,43313,326115,28,154,642,32,3,9401,920,4827,28,15176
2020-07-17,76682,43790,3741,9225,43332,326124,26,152,588,19,0,9403,920,4827,28,15178
2020-07-20,77000,43819,3743,9226,43354,326254,25,156,640,5,0,9409,921,4828,28,15186
2020-07-21,77141,43830,3743,9227,43366,326267,25,153,787,12,1,9409,921,4828,28,15186
2020-07-22,77248,43842,3743,9229,43381,326293,25,149,672,15,2,9411,921,4828,28,15188
2020-07-23,77446,43854,3745,9231,43398,326318,26,141,753,17,2,9411,921,4828,28,15188
2020-07-24,77622,43863,3746,9232,43407,326352,26,141,780,9,1,9415,922,4828,28,15193
2020-07-27,78388,43915,3748,9233,43444,326620,27,155,890,6,0,9420,922,4828,28,15198
2020-07-28,78577,43937,3752,9233,43462,326631,30,162,1349,18,0,9420,922,4828,28,15198
2020-07-29,78807,43964,3754,9234,43477,326699,30,171,899,15,1,9420,922,4829,28,15199
2020-07-30,79249,43993,3756,9236,43494,326774,31,185,1257,17,2,9420,922,4829,28,15199
2020-07-31,79832,44027,3759,9238,43513,327003,32,201,1334,19,2,9420,925,4829,28,15202
2020-08-03,81202,44135,3764,9243,43546,327526,36,274,1738,5,4,9423,929,4829,28,15209
2020-08-04,81620,44192,3767,9244,43565,327587,39,313,2494,19,1,9423,929,4829,28,15209
2020-08-05,82237,44253,3771,9245,43603,327867,40,335,1640,38,1,9439,935,4826,29,15229
2020-08-06,83174,44316,3777,9247,43639,328527,43,360,2305,36,2,9439,935,4826,29,15229
2020-08-07,84394,44366,3787,9250,43669,329173,51,382,2486,30,3,9442,935,4826,29,15232
2020-08-10,86980,44588,3813,9258,43736,329942,69,526,3393,20,1,9444,935,4826,29,15234
2020-08-11,87761,44682,3820,9262,43782,330596,67,572,4850,46,4,9444,935,4826,29,15234
2020-08-12,88916,44773,3832,9266,43837,331283,70,610,2985,55,4,9455,939,4826,29,15249
2020-08-13,90587,44907,3850,9270,43884,332248,82,700,3939,47,4,9455,939,4826,29,15249
2020-08-14,92668,45045,3860,9278,43955,333426,82,757,4283,71,8,9465,939,4826,29,15259
2020-08-17,96947,45428,3889,9296,44098,334842,96,990,5722,17,7,9476,940,4826,29,15271
2020-08-18,98797,45602,3904,9305,44196,335149,101,1064,7565,98,9,9476,940,4826,29,15271
2020-08-19,100688,45803,3920,9313,44314,335706,113,1146,5086,118,8,9506,942,4827,29,15304
2020-08-20,103337,45981,3943,9320,44418,337009,128,1217,6134,104,7,9506,942,4827,29,15304
2020-08-21,106215,46172,3961,9332,44547,338563,139,1271,6799,129,12,9527,947,4827,29,15330
2020-08-24,112189,46699,4023,9361,44783,341712,168,1546,8804,50,14,9538,948,4827,29,15342
2020-08-25,114096,46987,4038,9374,44956,341984,169,1650,11499,173,13,9538,948,4827,29,15342
2020-08-26,116269,47246,4060,9384,45131,342701,175,1730,7251,175,10,9577,956,4830,29,15392
2020-08-27,118887,47485,4078,9399,45304,344317,181,1782,8447,173,15,9577,956,4830,29,15392
2020-08-28,122394,47731,4107,9416,45493,345965,194,1827,8429,189,17,9608,960,4831,29,15428
2020-08-31,129737,48391,4176,9461,45901,350418,211,2043,10922,82,14,9628,961,4831,29,15449
2020-09-01,131842,48619,4200,9479,46126,351369,220,2031,12617,227,18,9628,961,4831,29,15449
2020-09-02,134459,48880,4219,9500,46348,352799,220,2050,8186,222,21,9697,966,4834,29,15526
2020-09-03,137318,49152,4241,9523,46547,355116,225,2107,9140,199,23,9697,966,4834,29,15526
2020-09-04,139572,49445,4267,9543,46762,358356,235,2172,9133,215,20,9736,967,4834,29,15566
2020-09-07,150072,50152,4335,9596,47176,366321,265,2422,11786,60,16,9757,968,4836,29,15590
2020-09-08,152984,50418,4338,9617,47432,367780,275,2414,13976,256,21,9757,968,4836,29,15590
2020-09-09,155801,50709,4402,9644,47684,369573,294,2432,8489,252,27,9844,973,4838,29,15684
2020-09-10,159825,51003,4429,9667,47918,372501,302,2469,9883,234,23,9844,973,4838,29,15684
2020-09-11,163465,51330,4450,9693,48160,375702,317,2530,9769,242,26,9894,976,4838,29,15737
2020-09-14,174835,52251,4534,9783,48615,384292,345,2928,12603,72,33,9914,976,4840,29,15759
2020-09-15,178491,52607,4563,9808,48867,386671,354,2998,14160,252,25,9914,976,4840,29,15759
2020-09-16,181924,53077,4593,9835,49170,388467,371,3132,10366,303,27,10058,987,4846,29,15920
2020-09-17,186826,53479,4630,9865,49427,391761,392,3242,10910,257,30,10058,987,4846,29,15920
2020-09-18,191930,53886,4655,9898,49735,395826,397,3304,10950,308,33,10117,988,4850,30,15985
2020-09-21,204730,54875,4743,10015,50328,405427,409,3589,13963,104,32,10159,993,4853,30,16035
2020-09-22,208412,55239,4779,10054,50717,408465,417,3528,17024,389,39,10159,993,4853,30,16035
2020-09-23,212221,55709,4817,10094,51081,411087,430,3604,10974,364,40,10325,1005,4863,30,16223
2020-09-24,216471,56124,4859,10137,51401,414371,435,3650,11378,320,43,10325,1005,4863,30,16223
2020-09-25,219592,56558,4905,10188,51731,417665,453,3712,11319,330,51,10414,1015,4864,30,16325
2020-09-28,234555,57469,4994,10319,52395,428652,466,3792,14052,95,47,10462,1016,4864,30,16374
2020-09-29,237472,57850,5034,10365,52805,431389,478,3700,16282,410,46,10462,1016,4864,30,16374
2020-09-30,241286,58254,5071,10417,53216,433451,484,3626,9456,411,52,10661,1024,4870,30,16585
2020-10-01,245628,58586,5111,10467,53551,436873,493,3545,9709,335,50,10661,1024,4870,30,16585
2020-10-02,249483,58927,5153,10504,53890,439679,505,3489,8186,339,37,10762,1032,4874,30,16698
2020-10-05,256667,59757,5234,10609,54508,446662,501,3548,12021,89,36,10803,1035,4874,30,16742
2020-10-06,259322,60048,5262,10654,54884,449543,489,3389,12982,376,45,10803,1035,4874,30,16742
2020-10-07,262297,60393,5288,10691,55247,451774,487,3315,7106,363,37,10956,1042,4878,30,16906
2020-10-08,265448,60688,5323,10730,55573,456261,487,3220,7199,326,39,10956,1042,4878,30,16906
2020-10-09,267947,60995,5354,10765,55874,459197,487,3165,7878,301,35,11041,1046,4882,30,16999
2020-10-13,274863,61993,5445,10902,56604,463488,473,3240,9738,75,34,11078,1047,4883,30,17038
2020-10-14,277594,62313,5473,10936,56936,465494,461,3163,11147,332,34,11223,1057,4890,30,17200
2020-10-15,280553,62629,5502,10976,57279,467504,463,3075,5120,343,40,11223,1057,4890,30,17200
2020-10-16,283753,62926,5532,11020,57550,470220,466,3043,11147,271,44,11281,1063,4892,30,17266
2020-10-19,288306,63663,5605,11113,58055,474240,474,3149,8274,72,29,11318,1064,4893,30,17305
2020-10-20,290206,63932,5647,11149,58348,475975,482,3062,8477,293,36,11318,1064,4893,30,17305
2020-10-21,293646,64259,5678,11188,58617,477754,484,3064,5103,269,39,11491,1075,4902,30,17498
2020-10-22,297342,64562,5710,11231,58908,479269,491,3016,5632,291,43,11491,1075,4902,30,17498
2020-10-23,299982,64869,5740,11265,59113,480676,484,3035,5924,225,34,11580,1080,4906,30,17596
2020-10-26,303975,65556,5816,11367,59626,483144,497,3085,8161,70,41,11621,1083,4907,30,17641
2020-10-27,306223,65811,5855,11407,59942,484551,494,2962,8990,316,40,11621,1083,4907,30,17641
2020-10-28,308951,66083,5877,11445,60205,487626,485,2906,4929,263,38,11766,1093,4915,30,17804
2020-10-29,311483,66383,5899,11485,60473,491112,486,2880,5810,268,40,11766,1093,4915,30,17804
2020-10-30,313941,66608,5917,11527,60697,494323,481,2821,5736,224,42,11850,1101,4918,30,17899
2020-10-31,316382,66874,5944,11558,61012,494323,480,2717,5736,315,31,11850,1101,4918,30,17899
2020-11-01,317083,67080,5965,11588,61116,494323,469,2772,5736,104,30,11850,1101,4918,30,17899
2020-11-02,317536,67243,5980,11623,61175,494323,466,2826,5736,59,35,11850,1101,4918,30,17899
2020-11-03,318043,67433,6003,11658,61241,503376,471,2910,5455,66,35,11899,1103,4918,30,17950
2020-11-04,320621,67701,6036,11691,61532,502630,468,2825,9017,291,33,12036,1110,4925,30,18101
2020-11-05,323233,67989,6068,11730,61775,504556,462,2805,4699,243,39,12036,1110,4925,30,18101
2020-11-06,325580,68220,6092,11771,62015,506758,455,2682,5547,240,41,12124,1116,4929,30,18199
2020-11-07,328011,68439,6112,11800,62358,506758,448,2555,5547,343,29,12124,1116,4929,30,18199
2020-11-08,328845,68575,6127,11824,62450,506758,446,2567,5547,92,24,12124,1116,4929,30,18199
2020-11-09,329088,68731,6143,11850,62521,506758,451,2621,5547,71,26,12124,1116,4929,30,18199
2020-11-10,330305,68922,6161,11879,62670,510712,447,2623,3875,149,29,12286,1121,4932,30,18369
2020-11-11,332576,69170,6186,11907,62910,512205,437,2577,6587,240,28,12286,1121,4932,30,18369
2020-11-12,334968,69427,6205,11948,63155,513845,428,2529,4589,245,41,12286,1121,4932,30,18369
2020-11-13,337001,69647,6230,11968,63350,515838,428,2513,5057,195,20,12348,1125,4935,30,18438
2020-11-14,338926,69854,6243,12002,63647,515838,403,2348,5057,297,34,12348,1125,4935,30,18438
2020-11-15,339589,70028,6267,12028,63696,515838,411,2444,5057,49,26,12348,1125,4935,30,18438
2020-11-16,339913,70149,6282,12053,63734,517487,406,2494,6859,38,25,12381,1125,4936,30,18472
2020-11-17,341430,70346,6301,12084,63973,519509,397,2397,7328,239,31,12381,1125,4936,30,18472
2020-11-18,343236,70538,6318,12106,64192,520857,388,2334,3724,219,22,12496,1130,4940,30,18596
2020-11-19,344964,70714,6336,12128,64401,522454,385,2266,4654,209,22,12496,1130,4940,30,18596
2020-11-20,346448,70878,6348,12157,64591,523936,373,2185,4285,190,29,12548,1134,4941,30,18653
2020-11-21,348233,70995,6368,12192,64874,523936,373,2031,4285,283,35,12548,1134,4941,30,18653
2020-11-22,348706,71103,6382,12203,64935,523936,375,2066,4285,61,11,12548,1134,4941,30,18653
2020-11-23,348954,71203,6395,12225,64959,525182,379,2119,5763,24,22,12583,1135,4943,30,18691
2020-11-24,350273,71371,6411,12257,65164,526321,368,2026,6119,205,32,12583,1135,4943,30,18691
2020-11-25,351696,71537,6430,12277,65343,527393,351,1960,3332,179,20,12682,1139,4950,30,18801
2020-11-26,353067,71669,6453,12309,65497,528718,343,1886,3918,154,32,12682,1139,4950,30,18801
2020-11-27,354580,71821,6478,12330,65634,530046,349,1867,3819,137,21,12734,1141,4952,30,18857
2020-11-28,356103,71961,6496,12361,65862,530046,339,1727,3819,228,31,12734,1141,4952,30,18857
2020-11-29,356690,72079,6507,12369,65912,530046,341,1776,3819,50,8,12734,1141,4952,30,18857
2020-11-30,356978,72165,6517,12383,65939,531382,343,1817,4889,27,14,12755,1142,4952,30,18879
2020-12-01,358431,72345,6540,12403,66105,533276,340,1795,5299,166,20,12755,1142,4952,30,18879
2020-12-02,359843,72509,6555,12417,66285,534390,318,1737,2787,180,14,12827,1146,4954,30,18957
2020-12-03,361337,72644,6572,12432,66407,535616,311,1713,3688,122,15,12827,1146,4954,30,18957
2020-12-04,362832,72740,6588,12446,66585,536859,306,1595,3414,178,14,12871,1149,4957,30,19007
2020-12-05,364306,72897,6603,12454,66775,536859,293,1526,3414,190,8,12871,1149,4957,30,19007
2020-12-06,364900,72974,6615,12473,66853,536859,292,1500,3414,78,19,12871,1149,4957,30,19007
2020-12-07,365353,73073,6626,12488,66896,536859,289,1528,3414,43,15,12891,1150,4958,30,19029
2020-12-08,365826,73181,6646,12507,66948,536859,294,1560,3414,52,19,12891,1150,4958,30,19029
2020-12-09,366267,73294,6666,12527,66990,538318,299,1608,4694,42,20,12970,1150,4965,30,19115
2020-12-10,368069,73456,6693,12541,67129,540234,298,1596,5388,139,14,12970,1150,4965,30,19115
2020-12-11,370269,73616,6718,12554,67278,541629,301,1580,2663,149,13,13000,1151,4968,30,19149
2020-12-12,372836,73801,6730,12573,67453,541629,293,1551,2663,175,19,13000,1151,4968,30,19149
2020-12-13,373642,73889,6750,12593,67483,541629,303,1591,2663,30,20,13000,1151,4968,30,19149
2020-12-14,374277,73990,6764,12601,67511,543665,303,1650,4420,28,8,13014,1152,4968,30,19164
2020-12-15,376370,74171,6795,12614,67668,546116,306,1652,5929,157,13,13014,1152,4968,30,19164
2020-12-16,378822,74370,6816,12628,67804,547603,303,1692,3031,136,14,13083,1157,4969,30,19239
2020-12-17,381293,74529,6835,12634,67937,549567,300,1689,4461,133,6,13083,1157,4969,30,19239
2020-12-18,383679,74702,6850,12653,68075,551580,295,1692,4428,138,19,13110,1159,4972,30,19271
2020-12-19,386055,74895,6875,12668,68251,551580,294,1679,4428,176,15,13110,1159,4972,30,19271
2020-12-20,387101,75012,6893,12687,68315,551580,298,1713,4428,64,19,13110,1159,4972,30,19271
2020-12-21,387663,75150,6907,12703,68354,553304,301,1789,6038,39,16,13129,1160,4972,30,19291
2020-12-22,390242,75368,6936,12725,68507,556060,298,1814,7318,153,22,13129,1160,4972,30,19291
2020-12-23,392863,75578,6955,12741,68685,557780,297,1813,3901,178,16,13204,1164,4974,30,19372
2020-12-24,395753,75777,6970,12761,68922,557780,299,1742,3901,237,20,13204,1164,4974,30,19372
2020-12-26,397484,76026,6999,12782,69106,557780,295,1768,3901,60,13,13204,1164,4974,30,19372
2020-12-27,398089,76166,7016,12800,69158,557780,301,1834,3901,52,18,13204,1164,4974,30,19372
2020-12-28,398794,76309,7047,12823,69223,560292,311,1882,6873,65,23,13312,1169,4977,30,19488
2020-12-29,401864,76547,7057,12846,69386,564012,295,1910,7762,163,23,13312,1169,4977,30,19488
2020-12-30,405806,76842,7076,12860,69593,566457,297,1968,4064,207,14,13337,1170,4978,30,19515
2020-12-31,410083,77051,7095,12877,69858,566457,301,1883,4064,265,17,13337,1170,4978,30,19515
2021-01-02,412495,77402,7139,12910,70048,566457,328,2005,4064,69,16,13337,1170,4978,30,19515
2021-01-03,413449,77607,7160,12928,70110,566457,332,2119,4064,62,18,13337,1170,4978,30,19515
2021-01-04,414362,77800,7193,12948,70156,570267,351,2241,7241,46,20,13350,1170,4980,30,19530
2021-01-05,418841,78154,7228,12974,70348,575376,352,2350,9695,192,26,13454,1173,4984,30,19641
2021-01-07,427758,78735,7286,13027,70693,579389,377,2498,5916,71,23,13454,1173,4984,30,19641
2021-01-08,432403,79053,7327,13059,70894,585290,390,2560,10556,201,32,13537,1177,4985,30,19729
2021-01-09,438216,79386,7350,13087,71103,585290,385,2634,10556,209,28,13537,1177,4985,30,19729
2021-01-10,439852,79550,7381,13107,71143,585290,408,2733,10556,40,20,13537,1177,4985,30,19729
2021-01-11,440404,79704,7411,13141,71182,588714,424,2815,8620,39,34,13571,1179,4986,30,19766
2021-01-12,445389,79982,7438,13165,71333,594487,426,2902,12958,151,24,13571,1179,4986,30,19766
2021-01-13,449888,80429,7474,13196,71597,598053,446,3057,7782,264,31,13596,1184,4987,30,19797
2021-01-14,455207,80901,7516,13237,71876,602324,455,3188,10033,279,41,13596,1184,4987,30,19797
2021-01-15,460729,81345,7559,13265,72154,606300,472,3311,10604,278,28,13707,1193,4989,30,19919
2021-01-16,466576,81787,7603,13310,72480,606300,491,3372,10604,326,45,13707,1193,4989,30,19919
2021-01-17,468686,82231,7638,13359,72556,606300,490,3659,10604,76,49,13707,1193,4989,30,19919
2021-01-18,469901,82610,7690,13403,72653,610451,525,3896,13847,97,44,13742,1196,4993,30,19961
2021-01-19,475517,83128,7749,13450,73011,616274,551,3976,16750,358,47,13742,1196,4993,30,19961
2021-01-20,481861,83694,7804,13503,73341,620697,580,4140,9549,330,53,13965,1215,4999,30,20209
2021-01-21,489135,84326,7875,13566,73701,626891,606,4327,12280,360,63,13965,1215,4999,30,20209
2021-01-22,495712,84887,7931,13615,74035,632613,618,4472,12744,334,49,14084,1220,5003,30,20337
2021-01-23,501842,85473,7982,13675,74496,632613,637,4521,12744,461,60,14084,1220,5003,30,20337
2021-01-24,504539,85890,8026,13720,74618,632613,650,4757,12744,122,45,14084,1220,5003,30,20337
2021-01-25,505788,86309,8069,13778,74727,637903,663,4994,16544,109,58,14151,1228,5007,30,20416
2021-01-26,511308,86841,8131,13839,75230,645299,684,4948,19360,503,61,14151,1228,5007,30,20416
2021-01-27,517691,87389,8177,13917,75697,649780,680,4935,11437,467,78,14385,1239,5020,30,20674
2021-01-28,523629,87951,8236,13980,76145,654897,700,4956,13485,448,63,14385,1239,5020,30,20674
2021-01-29,529299,88445,8294,14049,76566,659274,702,4929,13458,421,69,14543,1244,5025,30,20842
2021-01-30,534787,88975,8351,14111,77112,659274,718,4832,13458,546,62,14543,1244,5025,30,20842
2021-01-31,536457,89367,8383,14182,77237,659274,715,5010,13458,125,71,14543,1244,5025,30,20842
2021-02-01,537716,89655,8413,14243,77327,663951,718,5136,16953,90,61,14613,1247,5025,30,20915
2021-02-02,541988,90116,8457,14312,77836,670260,713,4982,18784,509,69,14613,1247,5025,30,20915
2021-02-03,547314,90676,8506,14370,78334,673560,712,4957,10300,498,58,14896,1258,5034,30,21218
2021-02-04,551926,91113,8554,14431,78822,677743,723,4817,12178,488,61,14896,1258,5034,30,21218
2021-02-05,556076,91565,8591,14497,79211,681426,717,4777,11841,388,66,15031,1264,5039,30,21364
2021-02-06,559928,91986,8640,14557,79765,681426,710,4544,11841,554,60,15031,1264,5039,30,21364
2021-02-07,561482,92308,8683,14606,79878,681426,715,4691,11841,113,49,15031,1264,5039,30,21364
2021-02-08,562083,92554,8714,14670,79974,684902,708,4763,15152,96,64,15105,1267,5041,30,21443
2021-02-09,564967,92933,8759,14728,80503,689468,689,4512,16056,529,58,15105,1267,5041,30,21443
2021-02-10,568414,93323,8803,14777,80931,691850,699,4403,7927,428,49,15339,1279,5045,30,21693
2021-02-11,571499,93667,8835,14820,81309,694813,693,4292,9695,378,43,15339,1279,5045,30,21693
2021-02-12,574054,94011,8877,14874,81690,697513,690,4165,8426,381,54,15453,1281,5046,30,21810
2021-02-13,576714,94333,8912,14918,82225,697513,682,3882,8426,535,44,15453,1281,5046,30,21810
2021-02-14,577749,94562,8934,14963,82343,697513,669,3919,8426,118,45,15453,1281,5046,30,21810
2021-02-15,577868,94723,8957,15014,82404,700167,664,3960,11133,61,51,15500,1283,5048,30,21861
2021-02-16,580009,94983,8994,15057,82845,703095,667,3711,11452,441,43,15500,1283,5048,30,21861
2021-02-17,582403,95257,9025,15104,83230,705046,649,3514,5660,385,47,15686,1289,5050,30,22055
2021-02-18,584507,95478,9073,15147,83571,707009,655,3340,6616,341,43,15686,1289,5050,30,22055
2021-02-19,586603,95703,9094,15180,83877,708920,634,3185,6274,306,33,15789,1294,5053,30,22166
2021-02-20,588405,95926,9119,15219,84281,708920,621,2933,6274,404,39,15789,1294,5053,30,22166
2021-02-21,589112,96067,9140,15246,84350,708920,619,2972,6274,69,27,15789,1294,5053,30,22166
2021-02-22,589463,96202,9171,15280,84395,710583,625,3022,7585,45,34,15833,1296,5055,30,22214
2021-02-23,590966,96435,9197,15313,84723,712778,609,2861,8246,328,33,15833,1296,5055,30,22214
2021-02-24,592832,96628,9222,15346,84999,714117,594,2718,4105,276,33,15972,1300,5056,30,22358
2021-02-25,594542,96794,9236,15372,85231,715574,580,2597,4895,232,26,15972,1300,5056,30,22358
2021-02-26,595889,97009,9262,15402,85459,717019,569,2532,4402,228,30,16024,1302,5056,30,22412
2021-02-27,597382,97213,9280,15429,85732,717019,560,2412,4402,273,27,16024,1302,5056,30,22412
2021-02-28,597995,97360,9297,15450,85788,717019,558,2468,4402,56,21,16024,1302,5056,30,22412
2021-03-01,598266,97488,9319,15487,85835,718310,559,2499,5500,47,37,16051,1303,5058,30,22442
2021-03-02,599644,97678,9343,15517,86090,720232,530,2369,5857,255,30,16051,1303,5058,30,22442
2021-03-03,601144,97881,9360,15538,86307,721280,521,2311,2993,217,21,16173,1305,5060,30,22568
2021-03-04,602614,98071,9383,15569,86489,722485,514,2263,3834,182,31,16173,1305,5060,30,22568
2021-03-05,603912,98231,9401,15590,86633,723713,506,2233,3462,144,21,16194,1305,5060,30,22589
2021-03-06,605345,98400,9427,15611,86870,723713,510,2128,3462,237,21,16194,1305,5060,30,22589
2021-03-07,605818,98533,9447,15629,86924,723713,511,2183,3462,54,18,16194,1305,5060,30,22589
2021-03-08,606092,98642,9463,15656,86951,724830,502,2225,4503,27,27,16249,1307,5060,30,22646
2021-03-09,607366,98847,9479,15687,87189,726543,474,2131,4991,238,31,16249,1307,5060,30,22646
2021-03-10,608870,99044,9498,15710,87347,727577,471,2135,2611,158,23,16342,1308,5061,30,22741
2021-03-11,610353,99240,9522,15743,87527,728772,461,2097,3554,180,33,16342,1308,5061,30,22741
2021-03-12,611654,99403,9540,15759,87681,730052,455,2067,3352,154,16,16403,1309,5061,30,22803
2021-03-13,613154,99596,9555,15786,87888,730052,435,2003,3352,207,27,16403,1309,5061,30,22803
2021-03-14,613680,99723,9564,15804,87825,730052,424,2065,3352,37,18,16403,1309,5061,30,22803
2021-03-15,613764,99848,9584,15822,87864,731141,435,2135,4467,39,18,16424,1309,5061,30,22824
2021-03-16,615256,100024,9609,15849,88184,732838,418,2031,5295,220,27,16424,1309,5061,30,22824
2021-03-17,616827,100198,9634,15868,88344,734001,401,1992,2754,160,19,16512,1313,5062,30,22917
2021-03-18,618337,100379,9662,15890,88521,735450,401,1960,3553,177,22,16512,1313,5062,30,22917
2021-03-19,619975,100529,9684,15907,88737,735450,405,1867,3553,216,17,16552,1317,5062,30,22961
2021-03-20,620661,100657,9701,15922,88806,735450,406,1900,3553,69,15,16552,1317,5062,30,22961
2021-03-21,621031,100771,9719,15934,88844,735450,404,1950,3553,38,12,16552,1317,5062,30,22961
2021-03-22,621363,100897,9752,15950,88881,736815,427,2032,4515,37,16,16552,1317,5062,30,22961
2021-03-23,622928,101105,9777,15969,89082,738857,415,1995,5679,201,19,16552,1317,5062,30,22961
2021-03-24,624798,101284,9809,15991,89261,740159,422,1962,2750,179,22,16665,1323,5062,30,23080
2021-03-25,626662,101498,9832,16011,89405,741792,403,1984,3910,144,20,16665,1323,5062,30,23080
2021-03-26,628370,101689,9859,16022,89580,743232,407,1973,3759,175,11,16679,1323,5062,30,23094
2021-03-27,630506,101875,9884,16036,89787,743232,415,1925,3759,207,14,16679,1323,5062,30,23094
2021-03-28,631259,102055,9909,16051,89829,743232,423,2040,3759,42,15,16679,1323,5062,30,23094
2021-03-29,631614,102188,9927,16069,89858,745042,423,2114,4924,29,18,16692,1324,5062,30,23108
2021-03-30,633432,102433,9953,16089,90084,747339,415,2084,5663,226,20,16692,1324,5062,30,23108
2021-03-31,635534,102655,9971,16110,90295,748992,403,2050,3230,211,21,16761,1324,5063,30,23178
2021-04-01,638097,102871,10009,16134,90555,748992,414,1969,3230,260,24,16761,1324,5063,30,23178
2021-04-02,638952,103082,10029,16159,90624,748992,417,2074,3230,69,25,16782,1325,5063,30,23200
2021-04-03,639448,103251,10058,16173,90682,748992,426,2167,3230,58,14,16782,1325,5063,30,23200
2021-04-04,640089,103432,10092,16184,90727,748992,441,2280,3230,45,11,16782,1325,5063,30,23200
2021-04-05,640677,103632,10117,16193,90798,751064,448,2393,5455,71,9,16864,1327,5063,30,23284
2021-04-06,643320,103889,10152,16221,91049,754012,447,2354,6239,251,28,16864,1327,5063,30,23284
2021-04-07,646300,104188,10186,16240,91281,755830,457,2388,3679,232,19,16890,1327,5063,30,23310
2021-04-08,649090,104445,10225,16257,91494,758323,474,2407,4799,213,17,16890,1327,5063,30,23310
2021-04-09,651553,104698,10251,16276,91664,760545,477,2450,4790,170,19,16933,1329,5063,30,23355
2021-04-10,654206,104965,10280,16292,91949,760545,485,2392,4790,285,16,16933,1329,5063,30,23355
2021-04-11,655063,105153,10306,16320,92002,760545,482,2492,4790,53,28,16933,1329,5063,30,23355
2021-04-12,655559,105314,10335,16339,92052,762886,493,2577,6144,50,19,17016,1335,5063,30,23444
2021-04-13,657747,105606,10373,16370,92344,765578,494,2527,7652,292,31,17016,1335,5063,30,23444
2021-04-14,660341,105872,10413,16383,92583,765578,498,2521,4283,239,13,17036,1336,5064,30,23493
2021-04-15,663100,106147,10452,16399,92815,769459,508,2524,5314,232,16,17036,1336,5064,30,23493
2021-04-16,665424,106403,10499,16413,93042,771399,523,2526,5365,227,14,17076,1338,5064,30,23508
2021-04-17,668320,106688,10540,16428,93347,771399,529,2476,5365,305,15,17076,1338,5064,30,23508
2021-04-18,669564,106905,10577,16443,93401,771399,537,2611,5365,54,15,17076,1338,5064,30,23508
2021-04-19,670222,107095,10618,16464,93442,773615,550,2730,6819,41,21,17096,1339,5064,30,23529
2021-04-20,672671,107384,10666,16489,93754,776567,561,2665,8261,312,25,17096,1339,5064,30,23529
2021-04-21,675460,107678,10711,16508,94000,778447,567,2671,4339,246,19,17184,1344,5065,30,23623
2021-04-22,678065,107970,10747,16530,94240,780776,570,2684,5492,240,22,17184,1344,5065,30,23623
2021-04-23,680538,108223,10779,16545,94447,782878,567,2693,5512,207,15,17210,1344,5065,30,23649
2021-04-24,683181,108479,10814,16570,94774,782878,562,2571,5512,327,25,17210,1344,5065,30,23649
2021-04-25,684066,108738,10843,16593,94851,782878,563,2708,5512,77,23,17210,1344,5065,30,23649
2021-04-26,684590,108935,10886,16606,94902,784962,576,2831,6942,51,13,17230,1345,5066,30,23671
2021-04-27,687057,109211,10914,16618,95212,787671,559,2753,7898,310,12,17230,1345,5066,30,23671
2021-04-28,689650,109483,10952,16634,95464,789359,555,2733,4299,252,16,17320,1349,5066,30,23765
2021-04-29,691919,109725,10998,16651,95740,791363,564,2662,5170,276,17,17320,1349,5066,30,23765
2021-04-30,694205,109965,11024,16665,95961,793301,561,2641,5018,221,14,17335,1350,5066,30,23781
2021-05-01,696415,110236,11057,16685,96312,793301,553,2515,5018,351,20,17335,1350,5066,30,23781
2021-05-02,697163,110441,11078,16698,96384,793301,548,2614,5018,72,13,17335,1350,5066,30,23781
2021-05-03,697584,110596,11113,16714,96470,793301,564,2661,5018,86,16,17335,1350,5066,30,23781
2021-05-04,698366,110758,11139,16733,96536,795223,565,2720,6666,66,19,17335,1350,5066,30,23781
2021-05-05,700238,111026,11171,16752,96917,797554,544,2547,6484,381,19,17418,1355,5066,30,23869
2021-05-06,702406,111252,11199,16765,97203,798825,541,2454,3817,286,13,17418,1355,5066,30,23869
2021-05-07,704480,111458,11225,16784,97431,800601,530,2381,4289,228,19,17451,1358,5066,30,23905
2021-05-09,707043,111789,11280,16813,97810,800601,525,2266,4289,51,12,17451,1358,5066,30,23905
2021-05-10,707391,111937,11304,16821,97854,802150,521,2345,5028,44,8,17473,1358,5066,30,23927
2021-05-11,708793,112147,11337,16839,98154,804060,506,2198,5749,300,18,17473,1358,5066,30,23927
2021-05-12,710296,112292,11362,16849,98374,805158,494,2094,3010,220,10,17521,1360,5066,30,23977
2021-05-13,711890,112470,11380,16870,98604,806406,480,1996,3627,230,21,17521,1360,5066,30,23977
2021-05-14,713185,112614,11398,16885,98790,807706,474,1928,3501,186,15,17555,1360,5066,30,24011
2021-05-15,714639,112779,11417,16894,99031,807706,467,1826,3501,241,9,17555,1360,5066,30,24011
2021-05-16,715078,112910,11430,16899,99098,807706,462,1871,3501,67,5,17555,1360,5066,30,24011
2021-05-17,715351,113000,11453,16908,99142,808893,466,1897,4574,44,9,17565,1361,5066,30,24022
2021-05-18,716651,113154,11474,16913,99346,810438,459,1818,5059,204,5,17565,1361,5066,30,24022
2021-05-19,718134,113290,11501,16926,99541,811444,452,1731,2667,195,13,17599,1362,5067,30,24058
2021-05-20,719343,113391,11525,16942,99709,812534,450,1633,3182,168,16,17599,1362,5067,30,24058
2021-05-21,720613,113509,11541,16947,99861,813603,441,1573,3053,152,5,17620,1363,5067,30,24080
2021-05-22,721871,113653,11558,16961,100054,813603,431,1485,3053,193,14,17620,1363,5067,30,24080
2021-05-23,722292,113743,11579,16970,100103,813603,436,1506,3053,49,9,17620,1363,5067,30,24080
2021-05-24,722533,113824,11593,16985,100137,814650,429,1528,3729,34,15,17629,1365,5067,30,24091
2021-05-25,723514,113981,11608,16995,100316,816208,399,1435,4399,179,10,17629,1365,5067,30,24091
2021-05-26,724624,114109,11619,17005,100464,816993,384,1385,2221,148,10,17671,1366,5067,30,24134
2021-05-27,725688,114188,11632,17010,100607,817706,382,1304,2747,143,5,17671,1366,5067,30,24134
2021-05-28,726722,114287,11642,17016,100736,818706,363,1244,2715,129,6,17686,1366,5067,30,24149
2021-05-29,727771,114397,11657,17021,100906,818706,356,1161,2715,170,5,17686,1366,5067,30,24149
2021-05-30,728062,114483,11667,17028,100930,818706,346,1204,2715,24,7,17686,1366,5067,30,24149
2021-05-31,728295,114561,11679,17042,100954,819626,347,1243,3245,24,14,17690,1367,5067,30,24154
2021-06-01,729160,114683,11695,17050,101095,820621,321,1185,3499,141,8,17690,1367,5067,30,24154
2021-06-02,730019,114775,11705,17055,101207,821216,312,1145,1873,112,5,17718,1369,5067,30,24184
2021-06-03,730900,114849,11717,17064,101334,821994,301,1066,2330,127,9,17718,1369,5067,30,24184
2021-06-04,731603,114940,11734,17073,101425,822624,292,1038,2132,91,9,17729,1370,5067,30,24196
2021-06-05,732362,115018,11750,17082,101552,822624,290,974,2132,127,9,17729,1370,5067,30,24196
2021-06-06,732771,115077,11762,17085,101592,822624,294,987,2132,40,3,17729,1370,5067,30,24196
2021-06-07,732917,115137,11769,17091,101609,823244,289,1018,2643,17,6,17737,1370,5067,30,24204
2021-06-08,733493,115228,11777,17098,101752,823978,278,946,2786,143,7,17737,1370,5067,30,24204
2021-06-09,734235,115297,11779,17103,101861,824558,267,889,1381,109,5,17761,1370,5067,30,24228
2021-06-10,734812,115360,11790,17107,101934,825112,265,869,1705,73,4,17761,1370,5067,30,24228
2021-06-11,735367,115418,11801,17111,102010,825585,259,833,1535,76,4,17770,1370,5067,30,24237
2021-06-12,735942,115491,11809,17114,102113,825585,253,789,1535,103,3,17770,1370,5067,30,24237
2021-06-13,736330,115526,11813,17118,102139,825585,248,788,1535,26,4,17770,1370,5067,30,24237
2021-06-14,736402,115571,11822,17125,102155,826057,242,805,1860,16,7,17774,1370,5067,30,24241
2021-06-15,736857,115627,11831,17131,102257,826569,237,744,2068,102,6,17774,1370,5067,30,24241
2021-06-16,737419,115678,11838,17137,102328,826936,230,708,1052,71,6,17789,1371,5067,30,24257
2021-06-17,737910,115745,11847,17138,102405,827322,213,674,1335,77,1,17789,1371,5067,30,24257
2021-06-18,738359,115792,11851,17142,102477,827661,198,627,1370,72,4,17796,1371,5067,30,24264
2021-06-19,738988,115832,11855,17146,102544,827661,192,588,1370,67,4,17796,1371,5067,30,24264
2021-06-20,739137,115859,11860,17147,102550,827661,195,608,1370,6,1,17796,1371,5067,30,24264
2021-06-21,739280,115886,11862,17152,102562,827968,188,612,1153,12,5,17801,1371,5067,30,24269
2021-06-22,739793,115922,11867,17154,102639,828508,181,559,1668,77,2,17801,1371,5067,30,24269
2021-06-23,740314,115952,11872,17160,102692,828843,176,521,881,53,6,17813,1372,5067,30,24282
2021-06-24,740876,115988,11877,17161,102749,829287,174,492,1110,57,1,17813,1372,5067,30,24282
2021-06-25,741444,116023,11881,17164,102789,829782,166,475,1107,40,3,17822,1373,5068,30,24293
2021-06-26,742119,116060,11892,17169,102827,829782,163,463,1107,38,5,17822,1373,5068,30,24293
2021-06-27,742538,116079,11894,17171,102838,829782,162,468,1107,11,2,17822,1373,5068,30,24293
2021-06-28,742490,116101,11895,17175,102848,830267,157,473,562,10,4,17825,1373,5068,30,24296
2021-06-29,743272,116134,11900,17176,102906,831086,153,441,1670,58,1,17825,1373,5068,30,24296
2021-06-30,744256,116162,11903,17178,102942,831609,146,421,995,36,2,17832,1373,5068,30,24303
2021-07-01,745266,116203,11909,17180,102989,832349,140,403,1386,47,2,17832,1373,5068,30,24303
2021-07-02,746052,116232,11912,17182,103027,833149,129,379,1386,38,2,17835,1373,5068,30,24306
2021-07-03,747065,116262,11919,17186,103082,833149,120,340,1386,55,4,17835,1373,5068,30,24306
2021-07-04,747479,116295,11930,17188,103090,833149,126,369,1386,8,2,17835,1373,5068,30,24306
